feat 1,feat 2,label
0.5482452894860522,-0.40121700166665514,1.0
1.8635934775672607,0.4275747753814646,1.0
0.6371219179215089,0.920898251728902,-1.0
1.1960270911770483,-0.3693610722089586,1.0
-0.9076655027842535,0.4035761702458222,-1.0
-0.5519012445435292,0.7594878702695003,-1.0
0.7745133697885815,-0.3716392346039724,1.0
0.00811198017068851,0.14641956955241908,1.0
0.1317844038361329,-0.33568677714944234,1.0
0.6143145610666965,0.5911404131913465,-1.0
1.0789172335458266,-0.4637622783284254,1.0
-0.8664752598522296,0.46382394786839265,-1.0
1.7352918139992832,-0.08143376125454083,1.0
0.758362294272559,0.6740220741534569,-1.0
2.0818314836256686,0.4258565270970595,1.0
-1.1695251109114986,-0.09613925157293196,-1.0
1.0135539912811675,0.1489725619310164,-1.0
0.45310627268892206,0.850323472585441,-1.0
-0.9487392711026867,0.28777825310058075,-1.0
1.0703286783340134,0.33329995234131365,-1.0
0.026114309568416823,0.06509326650345046,1.0
-0.1651611673523004,0.47604583766461317,1.0
1.9271979749210224,-0.010849299543393837,1.0
1.8422252079953942,0.5026962629704603,1.0
1.9722557899965782,0.22596844016534995,1.0
-0.8532200465371891,0.1519881825011168,-1.0
0.5169454975909386,-0.33742966440592703,1.0
0.3549720358733212,-0.37608790911979284,1.0
0.5874750717027831,-0.21743201197590634,1.0
-0.9058792437680456,0.4902341072571898,-1.0
0.8218872460774969,0.6342291460468181,-1.0
0.6107667662553844,0.7117429436952314,-1.0
1.1614593690672996,-0.5864798393339241,1.0
1.7262789068023512,-0.23238754759044933,1.0
0.709497425740734,0.5460859596414507,-1.0
-0.5677751640184044,0.8993838635403322,-1.0
0.32954725996343887,-0.19354581693235165,1.0
0.2598656451993903,-0.31877718406333566,1.0
1.6482086491939127,-0.33503468131040076,1.0
1.6797653182850643,-0.2774195272396237,1.0
0.4564830419036433,0.889320710426987,-1.0
2.04058838454906,0.1373219512305327,1.0
0.7945391506620685,0.8358657974774416,-1.0
1.7420256905172768,-0.1851876461745603,1.0
0.5920511773038344,-0.17358347008136615,1.0
0.9087855668995023,-0.5073102298208026,1.0
-0.6686208220935096,0.6610663167769051,-1.0
-0.9442816734303102,0.42041477020445933,-1.0
0.9324890159736304,-0.5326806763953713,1.0
-0.784099389740188,0.5821751833184061,-1.0
0.15670860912378975,0.09644771911683755,1.0
1.1931255892758759,-0.5022778571715856,1.0
1.7686297708660679,-0.2872631659879268,1.0
-1.0532123968719704,0.15436948521983881,-1.0
0.702439824989613,0.5030245667723608,-1.0
1.201507491743385,-0.6353969466909986,1.0
-0.8929494404708996,0.6561446363338955,-1.0
1.7976752547578756,-0.26101148806477764,1.0
-0.9614395740348882,0.1920876155291903,-1.0
0.9247870062581037,0.3424527137542539,-1.0
1.9709393285648258,0.19580947655324846,1.0
-0.6109107216563759,0.6686238987652012,-1.0
0.25703372739140895,0.07038983166750304,1.0
-0.9080263412475131,0.21740719544395912,-1.0
-0.8118968590267327,0.5535062575937255,-1.0
0.6599296285520109,0.7506433876463507,-1.0
-0.025157783007231593,0.113285886709905,1.0
0.9213321667081881,-0.5692490967368055,1.0
0.3645233871344557,1.0462204447450278,-1.0
0.8376201372943102,0.40031073441792886,-1.0
1.0193082383633698,-0.5370530715507664,1.0
1.8121410705839294,-0.01626811212549134,1.0
0.20906498638837023,-0.12479133170633684,1.0
-0.06321210538138253,0.8920788397519338,-1.0
-0.5696746438892805,0.7204592280057232,-1.0
0.13797051292280416,0.11579061732556659,1.0
-1.1505078036641039,0.031335291069470195,-1.0
-0.009109098920058761,0.9535089131172434,-1.0
-0.21286236535411462,0.9326570247686207,-1.0
0.37353211546828774,1.0177236041300273,-1.0
0.9532158788029603,-0.5716306817844096,1.0
-0.9940821449663989,0.18489749265600633,-1.0
1.197949460375746,-0.5470593926069338,1.0
0.030705532105945343,0.8715356293023029,-1.0
0.7109646869999457,-0.4220727885887615,1.0
0.08709659198371661,1.0557898632272247,-1.0
1.3669049961801698,-0.3653345322208323,1.0
1.3967232101802622,-0.506957110886519,1.0
1.0971669431938376,-0.4890216958376474,1.0
-0.15321239872282177,0.6009120797544862,1.0
-0.7722297904794878,0.8583090362803201,-1.0
0.08762922796345934,0.4914314861015626,1.0
-0.3749228899407827,0.7924144589757958,-1.0
0.9731796020923593,0.24508800774469247,-1.0
-0.16213784024222633,1.0805927181468058,-1.0
1.8477269847079894,-0.04868962617880065,1.0
0.1377613129749295,0.8927342314252694,-1.0
1.5428488652230383,-0.26776019080951874,1.0
2.049117457741246,0.04767705845087908,1.0
0.6001832872997108,0.605319955905875,-1.0
0.6371135150900608,0.7528576841076287,-1.0
-0.08533640880941365,1.174282221360703,-1.0
0.36920625714924427,1.0084642597221418,-1.0
0.3484677382756435,1.0108208501876492,-1.0
0.7721014271443727,0.8794035199004958,-1.0
1.977012355333858,-0.022291370524558707,1.0
2.1183560204097907,0.38239616432079326,1.0
-0.2094855665712541,1.0078706666107218,-1.0
-0.857194162221701,0.6189108919104401,-1.0
-1.0161542134709258,-0.12994830469007324,-1.0
1.0135921490626887,0.5381367781301456,-1.0
1.804446732303275,-0.04721583536023832,1.0
0.07129455024841468,0.14315146989450525,1.0
0.20351179063807853,-0.2698604019497527,1.0
0.03155432020173916,0.5673586032638634,1.0
1.3824798267400036,-0.42236632052695683,1.0
1.9325595805110045,0.0728730786567202,1.0
1.197832736871893,-0.529199590957861,1.0
2.0094025971581404,-0.14704162271186624,1.0
-0.9113085987559238,0.235321237190657,-1.0
0.44762234104863263,-0.1925408627123546,1.0
0.8972487465162181,0.7372953746349736,-1.0
1.5581166272319615,-0.27078614495136566,1.0
2.12200411881085,0.2506759733330804,1.0
-0.20155530505809446,0.9294200440572006,-1.0
0.12976146495971805,-0.009336629011074595,1.0
-0.22571680060070387,0.9682685662501231,-1.0
0.18989707226139035,0.014796692539708271,1.0
1.4627782214292877,-0.233249953773187,1.0
0.9203245515239021,0.19654948523867477,-1.0
1.980777816590185,0.07616909005130873,1.0
1.6503195383185536,-0.24497649242830635,1.0
0.04431508137527765,0.12638158603137553,1.0
-0.8540961306647201,0.4424296424602835,-1.0
-1.0348064852498922,0.3294242735825712,-1.0
1.989398808257422,0.4556507476994659,1.0
0.26040637684971074,1.0909111935525764,-1.0
-0.5542461044428617,0.8281994110028538,-1.0
0.13022383411157396,0.3965384720932638,1.0
1.988973534203536,0.45283024812768036,1.0
0.25410993495296647,-0.05066438044014586,1.0
0.4810816917279892,0.9843186148120459,-1.0
-0.47901610521154386,0.8655882572465896,-1.0
0.6490480872061585,0.7538094122596823,-1.0
-0.08077156243494286,1.1661059419732716,-1.0
1.9816384757676562,0.5350886946800828,1.0
1.0110838183326993,0.2573137821682845,-1.0
-0.7639053861620425,0.6434107552426365,-1.0
0.6112480711462205,0.8023970629724868,-1.0
0.4447847101007033,0.7798433742405113,-1.0
1.0762521167826886,-0.4860208477249875,1.0
0.14294283771566005,0.8841979078717195,-1.0
1.0438309580984924,0.3543015128669175,-1.0
1.7554356505115725,-0.19119028707392077,1.0
1.1241414199952324,-0.587108357919571,1.0
0.5204563367084434,0.8104899382108355,-1.0
0.6716769596026535,-0.4060516737471137,1.0
-1.086494282232116,0.24107143875796833,-1.0
1.8709186945259109,0.16273271243080323,1.0
-0.9807338731395467,0.2979427239299712,-1.0
0.34874975906364336,0.8811601740600415,-1.0
0.6936467205450048,0.34201444777149426,-1.0
0.9107166652345744,0.3768733741094377,-1.0
0.12892723358251798,0.04750166148822575,1.0
-0.29017545612319884,0.9485348971962625,-1.0
0.9195515159511781,-0.6135558078514824,1.0
-0.032751818903970026,1.0957060270488022,-1.0
1.6967295610940487,-0.06119635459378595,1.0
0.6711570471474775,0.8835506720139834,-1.0
1.4638212268154385,-0.49042828039243425,1.0
0.7520263152920431,-0.3515996700784517,1.0
-0.004763938588928707,0.37285395785967673,1.0
-0.8912836714675074,0.47467453331316645,-1.0
0.0027959927247133004,1.0738077067282232,-1.0
2.1666150108741697,0.33112377868192544,1.0
0.11610144220402763,0.955280664869558,-1.0
0.6897639257335987,-0.3207816104194,1.0
-0.302316725489203,0.9555593799680041,-1.0
-0.5254749370402525,0.9044900569260894,-1.0
-0.7411505547678146,0.677632105143976,-1.0
1.33636285203128,-0.401195737244515,1.0
-0.11599931538355518,0.9766254132849221,-1.0
1.0575588531342106,0.04279515934807905,-1.0
0.7078023996972727,-0.5853658005024887,1.0
-0.6111579979390541,0.5479069046120864,-1.0
-0.32499381334081345,0.9454702326915867,-1.0
0.21715793619877682,0.9959393946618099,-1.0
0.698109266926552,-0.3933660072466276,1.0
-0.2763910532106373,0.8268567195336397,-1.0
1.5427314992720855,-0.19504360230533058,1.0
0.32044943119129193,1.0313029586689704,-1.0
0.9008544278950987,0.4311262307712695,-1.0
0.08472942859360821,0.40665733473269455,1.0
0.7948898853039156,0.6295233678169279,-1.0
-0.43986695393050235,1.0126846727832117,-1.0
-0.6994998689884233,0.7445844504273776,-1.0
0.7300176234382932,-0.47890412029645135,1.0
0.2714923486145595,0.18621794067568848,1.0
0.7761983116064075,0.5613327553618755,-1.0
-0.7969874311418275,0.5271181081792424,-1.0
-0.31423809731693564,0.9887682462914738,-1.0
1.0079066223351216,0.4051828824071959,-1.0
0.07986912866080931,0.9083098638889758,-1.0
1.9532491094926363,0.011460267507187191,1.0
-0.799937619452549,0.5432697114828491,-1.0
1.0757380042010267,0.044140100172132886,-1.0
-0.1064056516052183,0.857280449313069,-1.0
1.1050221158179805,0.4315889299434705,-1.0
-0.14118202432501933,1.062926687693812,-1.0
1.7201805341889023,-0.19298676297402387,1.0
0.4114221492285235,-0.22425696346189733,1.0
0.8121847280697687,0.21200592349043962,-1.0
0.735229076289873,-0.4180043860861292,1.0
2.0496993609349743,0.6378308987253343,1.0
-0.5519998176587658,0.6157046153968041,-1.0
0.5331847112417146,-0.5070450334066225,1.0
1.9323097205983977,0.19996858545284513,1.0
-0.09849193655978261,0.4756779656397106,1.0
1.181090047490729,-0.6235769102950934,1.0
0.15344159983035965,-0.2627178332416008,1.0
0.04988177847841335,0.9249783913342954,-1.0
1.8559938695947469,0.02766844350381928,1.0
0.9883188616695417,-0.48272634274824733,1.0
0.07200598354265128,0.8548930962608668,-1.0
-0.8651286635432065,0.6897059114239712,-1.0
1.8528156839855163,-0.028923668485900778,1.0
0.5393483956233052,0.7597541475500922,-1.0
1.619427944049049,-0.33425332792825185,1.0
0.43996122730423737,0.8990237031157802,-1.0
-0.8634833188015992,0.5626108402403561,-1.0
-1.0951518328268233,-0.04467224596831039,-1.0
-0.9143227707950261,0.6550346658043545,-1.0
1.8688264392496794,-0.12046680540283526,1.0
-0.30099342233295934,0.9013608890730865,-1.0
1.8912268053624122,-0.1914685841807996,1.0
-0.6716212546543784,0.723857009885901,-1.0
-0.10368728651150146,0.398926345814237,1.0
-0.858701487772428,0.4645306819023506,-1.0
1.1560493265312761,0.009523982463466307,-1.0
0.2338753678373027,0.8108775859338129,-1.0
0.26042298305438616,0.8526923390490895,-1.0
-0.40747963717777447,0.8165506631111092,-1.0
0.5247453855305547,0.9121080778513587,-1.0
1.0625709404368076,0.44255323581134665,-1.0
0.3303867235672757,-0.295421884102535,1.0
-0.9932470409190431,0.3804392219924203,-1.0
-0.5085465883541932,0.27113958265641425,-1.0
1.221186041724682,-0.7154276763914351,1.0
-0.8228116852421885,0.11008979038087605,-1.0
-0.8124752797934849,0.8195525333798916,-1.0
0.4085832042176821,-0.3303020117194162,1.0
-0.7129648407256839,0.7120855984479822,-1.0
0.27047942734131303,-0.18355078133264924,1.0
2.1237141928928853,0.19145405548864186,1.0
0.740636545368298,0.6943472279263346,-1.0
1.0089040022724143,0.38063810733469855,-1.0
1.132394175161704,-0.589224412225452,1.0
-0.8402323617474741,0.39381326305594755,-1.0
0.5883108037722499,1.001294448649901,-1.0
0.5776511362005994,0.98363687926074,-1.0
0.29556752737863623,-0.1243706563852564,1.0
0.9263343662568619,0.44376511173561434,-1.0
0.8733218022121403,0.609258957473751,-1.0
0.21887650283836246,0.288147994583675,1.0
-0.9577035677660996,-0.1613878122866806,-1.0
-0.8531004159610319,0.6102646090876053,-1.0
0.9651734169328445,-0.5139382652597453,1.0
0.3905776326527986,-0.4785133499656448,1.0
0.32655752797480303,-0.17720984646944749,1.0
1.9738167842779684,0.10546282956781305,1.0
1.1175018561481032,-0.48477893456788596,1.0
1.7584121755827806,0.1593644909264402,1.0
0.9816456086992934,0.287478768598752,-1.0
-0.7077834033399752,0.9198652565878558,-1.0
0.9910050161031179,0.3091539653872436,-1.0
0.5693278398459014,0.8335840325799405,-1.0
0.11145450844583361,1.0440943813068027,-1.0
1.1318788191870797,0.08319180617343008,-1.0
0.4045926065229137,0.9968430660952311,-1.0
0.11459928836358133,-0.4336945211843555,1.0
-0.2878250354041486,0.8960294435412703,-1.0
0.3762287241373194,-0.34305421782600914,1.0
2.1779882284228798,0.5733403596725036,1.0
0.46964828850337137,-0.38716727615617474,1.0
0.2949470067872435,-0.21839643897046765,1.0
-0.8290941878168014,0.47096570672356985,-1.0
0.5678949710229857,-0.45011388341023595,1.0
0.29081818939157766,-0.1396446539752947,1.0
0.5264428243923374,-0.3098218753558921,1.0
0.36479381530888666,0.9460526012176745,-1.0
0.017540825257992637,0.0552442645864257,1.0
0.2992727330582693,0.910066932522427,-1.0
-0.9353204643314833,0.10438087948615773,-1.0
1.0381001737991613,0.253374433719775,-1.0
1.6437459227050226,-0.29222335441879566,1.0
-0.7992014249016051,0.3412810132341647,-1.0
0.4073768498860355,0.9549725206692095,-1.0
0.8890060173574987,-0.51648177933283,1.0
0.1057582241709447,0.8115181025343366,-1.0
-0.5794965636675471,0.9187023754467004,-1.0
0.7477251976704173,0.6939133267229204,-1.0
1.278930567123015,-0.5022895460461548,1.0
0.2908495736193831,1.1061188796794295,-1.0
1.9362140756800905,0.404348858227873,1.0
0.49168124990960493,0.965181279232265,-1.0
0.6655350219576625,-0.6892422934190008,1.0
-0.20967446777259474,0.9436125079653199,-1.0
0.2455556551510977,0.16930136951365288,1.0
-1.0237086877787476,-0.07634714769027384,-1.0
1.9797347795791487,0.3942591657615967,1.0
-1.1808098439929446,0.22648250931404576,-1.0
0.5218699304762109,0.7845129514459412,-1.0
1.1151199135842667,0.3136153671909522,-1.0
0.43422478944940723,0.7407112485054593,-1.0
-0.9048082894772079,0.42245982236066,-1.0
0.6312302093730691,0.7945567995291593,-1.0
0.9808253983973139,-0.5405680588206212,1.0
-0.8407921412265131,0.6100797028946886,-1.0
1.3616305183601591,-0.43795195254608743,1.0
0.9204915927696007,0.22065919313635016,-1.0
0.2552853347468661,0.26256567140002407,1.0
0.9203992581985374,0.5347654878534952,-1.0
0.2538005144255513,0.9472675515754218,-1.0
0.9726521451239001,0.14480400529203197,-1.0
-0.9152960253564105,0.42064496664125584,-1.0
1.5890652457268497,-0.2560737427022591,1.0
0.4213529905989356,-0.28330880579928935,1.0
-0.5996911477839971,0.8973256590380597,-1.0
-0.670723806465547,0.8309411870607399,-1.0
0.5531045115639407,-0.4058287904570922,1.0
-0.0014848394244832003,0.24082861295392896,1.0
-0.7148400640836424,0.6838774985383689,-1.0
0.14306365546072536,0.05727783181981531,1.0
0.9859434171918576,0.03207158801199517,-1.0
-0.9392072297901032,0.4952952608466611,-1.0
1.5066534639665037,-0.45071644980787756,1.0
1.4592500356246678,-0.2854823743989148,1.0
1.0765867971452399,-0.6508417737600759,1.0
1.02951670934769,0.4066012260599732,-1.0
-0.6728625009699024,0.9600708674660549,-1.0
0.8733048924965395,0.07169000715359956,-1.0
-0.7808379802022847,0.0998668306893866,-1.0
1.060428208681435,-0.3974124769131709,1.0
0.8200923749769853,0.4555297407322989,-1.0
-0.8494385897903368,0.4730953123356499,-1.0
0.24262527821147584,-0.04293948102501749,1.0
0.7806885112587181,0.669901055199028,-1.0
-0.690602012300676,0.5579637258049045,-1.0
0.5204722316547526,0.8977561024586524,-1.0
-0.8833932863352068,0.8257140268399008,-1.0
1.923886118909974,0.1066189862725108,1.0
0.10036604569183519,1.1167542245850908,-1.0
0.8731880725939164,-0.489182339246499,1.0
1.6591709769207892,-0.07704432049936893,1.0
0.5546903762642584,0.9637423547208187,-1.0
-0.48847565389135966,0.9099835931060164,-1.0
0.9608280669502917,0.39060011421647933,-1.0
1.7533419617737045,-0.2784807132012436,1.0
1.8538218207826853,0.013685912796617345,1.0
0.9133720431316396,-0.5369556110748074,1.0
-0.9729552775099484,0.4667910231912215,-1.0
0.7041076223286304,0.31617066383281994,-1.0
1.9778849587796234,0.20903488327948494,1.0
1.9484760834013999,0.002237783668769755,1.0
-0.03099342018156115,0.9264761040836889,-1.0
0.7646760261886068,0.5435767716792504,-1.0
1.9701476243994485,0.23076105486280457,1.0
-0.7777837316911187,0.6063054084603201,-1.0
0.505438816365132,1.0749384700722633,-1.0
1.1988245019901598,-0.5072178566831873,1.0
0.8359186249295952,-0.5675592338477535,1.0
0.697271849493258,0.7068872608037597,-1.0
-1.1104294666760175,0.04092818682440394,-1.0
0.14819503920452776,1.1678693733065402,-1.0
0.6527943791998214,-0.4664756694025034,1.0
-0.6084971630945787,0.7377956632758452,-1.0
1.8428172754815562,0.2132038111935251,1.0
0.9440315339481239,0.1761003934752591,-1.0
-0.8931311153509481,0.42916561082912164,-1.0
2.0628492718486635,0.28549481930844395,1.0
0.1722990200429921,-0.012658408874531998,1.0
-0.6065375415061695,0.8803028516384916,-1.0
-0.4430960415022339,1.110836608756344,-1.0
0.0071639069928990835,0.5290260999470955,1.0
-1.0325811177248951,0.25423367524725593,-1.0
-0.006205190355785029,1.0320605434933676,-1.0
-0.39705205251824327,0.7685126365107057,-1.0
0.2125074498908752,-0.05152957741977417,1.0
0.4880644496613717,0.9422861881728074,-1.0
1.687798184600884,-0.37286894273828486,1.0
1.0474284054077916,-0.4323756084191327,1.0
1.3704288357298553,-0.5624054710321953,1.0
-0.7526495933198063,0.5387140928890507,-1.0
1.3669293156888485,-0.39113546526500476,1.0
-0.2859909140443333,0.8897801780320648,-1.0
0.6093483259292263,-0.46627134009026555,1.0
0.5291236236697289,0.9485001712371264,-1.0
2.14194493346262,0.410210388152783,1.0
0.3672601998192967,-0.25784173239949026,1.0
1.923806804720464,-0.06902140838142495,1.0
0.3173903736754994,-0.2699138503421971,1.0
1.1078733511419783,-0.589323904246871,1.0
-0.1945364091430102,0.9348777522206311,-1.0
1.9251369701732524,0.04799474862074876,1.0
-0.910243435416144,0.4257240163146245,-1.0
0.3417197766043792,-0.13589772324917654,1.0
1.9483573941522851,-0.06808438896950678,1.0
-0.7250201378325942,0.5085419226568805,-1.0
0.14253724931105716,-0.12295161609280303,1.0
0.19801050516037058,0.9963734439418442,-1.0
0.02837208424052843,1.008096381229329,-1.0
0.42732663022562534,-0.4461786650735929,1.0
0.9092791572163846,0.6854219944353294,-1.0
-1.1009918990474288,0.4908628498930656,-1.0
-1.2013632806692793,0.1121679004391585,-1.0
0.6761761139460924,-0.48155624433170496,1.0
1.819054412300185,-0.10688047907190892,1.0
1.5067737764542706,-0.29958801506127314,1.0
-1.0689743802686376,0.2570318090559409,-1.0
-0.5654426061548468,0.619201200421905,-1.0
0.904803695509068,0.07476823575952862,-1.0
0.8841076618372035,0.4084685488744243,-1.0
1.8911327895333927,0.24168800143988683,1.0
1.6077154602951915,-0.43981543953746877,1.0
0.21270970029841568,0.8560055950650648,-1.0
1.4481862693444045,-0.4249542590094928,1.0
1.167230396732417,-0.40283172029036307,1.0
0.9876735438969165,0.032535486408261094,-1.0
1.677102654693475,-0.17523067801744116,1.0
0.5214739338366168,0.9774971706760924,-1.0
1.054942824875247,0.3112388992633215,-1.0
1.7961361029645504,-0.07063022699624363,1.0
1.242621827733525,-0.45647588296434327,1.0
1.7408164775982293,-0.16876956731071832,1.0
1.5615198455266992,-0.16597004559022582,1.0
-0.04337983150934549,0.4557108156145603,1.0
0.8165644829313896,0.674289662416968,-1.0
0.874891783400814,0.12049032919464542,-1.0
1.7944700000112779,0.006494313741321294,1.0
0.65405702343835,-0.4939650468804364,1.0
1.4346074347220314,-0.3470620358539788,1.0
1.0454006743988313,0.6964628186989533,-1.0
-0.02077079090376559,0.3633798947415961,1.0
1.3727726018311681,-0.5328428223716278,1.0
0.13793044696355927,0.02744279399386919,1.0
0.8142634600444265,-0.5866154412245853,1.0
-0.5316323066487065,0.8430466683830922,-1.0
0.938014707810985,-0.6295629473191908,1.0
0.45341941291229926,-0.6330035911180545,1.0
-0.05482997685703114,0.257212708855762,1.0
1.9743835209164646,0.3764778322016735,1.0
-0.3753811067800179,1.0915799463199047,-1.0
0.5898686736383306,0.6417114202055072,-1.0
-0.45566528216718943,0.8076759114988249,-1.0
1.998635190850297,0.33450980525834584,1.0
0.9648650737079063,0.33955936106304996,-1.0
-0.0019614069453809946,0.26743250070090424,1.0
0.5935559041784662,0.76459976557679,-1.0
0.24793888256441526,-0.6363972938814946,1.0
-0.02049268639935367,0.9513957008488773,-1.0
1.392286759736599,-0.25006619399145674,1.0
-0.3479411494798359,1.1637458676308976,-1.0
0.597147116956678,0.8710831901215567,-1.0
0.32093013059191666,-0.28655740467265695,1.0
1.4206798677545458,-0.4178479816315925,1.0
0.5204574045241188,-0.39430252276886724,1.0
-0.30869033164163845,0.8723897558363181,-1.0
0.10485601335905488,0.15170659610653686,1.0
0.9052766299406073,0.13646233853813458,-1.0
0.15934954628973125,0.8685331870186281,-1.0
0.7662104477997047,0.5638766006655046,-1.0
-0.03195172012615262,0.1514646375491489,1.0
1.0602338665256466,-0.3386663215156096,1.0
0.6479945234077922,0.7934718565133465,-1.0
1.4448045260300568,-0.41419253871111766,1.0
1.7868197326893511,0.22054111597135845,1.0
-0.945949520822572,-0.07898104871757078,-1.0
1.5210763455920007,-0.18367571102767039,1.0
0.4467619835260083,-0.49558617094998003,1.0
0.43959481249924953,0.9907790087140664,-1.0
-0.005308341132134631,-0.2526832185542649,1.0
-0.6527730338991418,0.7498693934201219,-1.0
1.9334265472801628,-0.22990328607831784,1.0
0.8205438304604726,0.39347479884447356,-1.0
0.18064291933249027,-0.2609303397400442,1.0
-0.5789178353151732,0.8962953903810572,-1.0
0.18541576417931332,-0.06232636373787066,1.0
0.7812275617926023,-0.31156981620338764,1.0
0.010188016612398293,0.2812543478095223,1.0
-0.6119057188694305,0.9428799376957787,-1.0
0.7368791640878786,0.5505767093690797,-1.0
0.06818424532639195,0.02734559219399903,1.0
0.05434401175372749,0.2658824175242732,1.0
2.0535751748429742,0.45674866663685554,1.0
0.10052862113774474,1.12957708143024,-1.0
0.26562854876830044,-0.4176600211575603,1.0
0.33883082030559086,-0.17025590821753764,1.0
-0.12379228044014692,0.3500304885054597,1.0
-0.9225559902361244,0.36671849417431046,-1.0
0.14121190908034686,-0.10849352372084262,1.0
1.4027067808601583,-0.3278141359710658,1.0
-0.4884567432404961,0.8436424944281697,-1.0
0.9384696929135361,0.17420454992181522,-1.0
2.091145488301026,0.3315546863434253,1.0
0.027167431633115066,0.43328201668169447,1.0
0.16201270572985038,0.13402230902931883,1.0
0.989343572071868,0.3052719873714616,-1.0
0.640012099625269,-0.1289305756009918,1.0
0.18372914870511345,-0.3245933304256733,1.0
0.5565317917163535,-0.2959745166448433,1.0
1.6249516923349416,-0.13647848149082387,1.0
0.1556463974368627,0.8561362739393775,-1.0
1.3798677480878518,-0.5120551183061111,1.0
-0.8924670196978545,0.6283962355353115,-1.0
-0.1092818907543592,1.0829914337800695,-1.0
1.8897478586195007,-0.004684537955814416,1.0
1.988327538603734,0.09157660021885318,1.0
0.9904745946693124,-0.581211521172937,1.0
1.4695979695668142,-0.3666242862818285,1.0
-0.15140577766108818,1.030464162930924,-1.0
1.8003161475692184,-0.24172048068419777,1.0
-0.4958388362746551,0.9919533054046058,-1.0
-1.02527629150667,0.3353471351331202,-1.0
1.6390280400291335e-05,0.15974066296040593,1.0
-0.2598288328938068,1.2336494349576312,-1.0
1.0092967111458944,-0.47377825357641784,1.0
-0.022086990707119142,0.9738037464752968,-1.0
1.5134737181991216,-0.2651215466411994,1.0
0.5559404921990598,0.802072178074203,-1.0
0.31630668642018767,1.0965194125604039,-1.0
0.14290281035992042,0.9644161823370807,-1.0
0.7924669858812978,-0.3993001523728563,1.0
-0.6345462181710106,0.47755433077706294,-1.0
2.0742925886965913,0.6564091969154427,1.0
1.2143720831199738,-0.4877048048611592,1.0
1.9910030355807364,0.27068512645359777,1.0
-0.1766802936909354,0.9982696672132935,-1.0
1.7323237559649098,-0.5785118128597388,1.0
-0.17361953186230508,0.9068466922932564,-1.0
-0.14011030198504046,0.9665322304780021,-1.0
0.1507129266676341,0.27161913360713863,1.0
1.915998929876518,0.3083290512706357,1.0
0.1261431063261812,0.8735603167213473,-1.0
0.7529660870140574,-0.32382787160830917,1.0
0.14142949377834055,0.9245255109654178,-1.0
-0.8316901618703553,0.19661681611318144,-1.0
-0.005315059141412507,0.9602285910318694,-1.0
0.6756026835179548,0.7945953568605734,-1.0
0.5274457847582054,0.9090186502681491,-1.0
0.787259030585726,-0.33467870194097993,1.0
0.6354477228355214,-0.5250887494164637,1.0
-0.9032736443075629,0.26184420379761447,-1.0
-0.08228233034874682,0.8392972246949144,-1.0
-0.3841578342139998,0.8385375483655899,-1.0
-0.31171170678598337,1.0053680042268003,-1.0
1.2932870299442407,-0.4634484913632362,1.0
1.7316371859652557,-0.06830427330057304,1.0
0.14763514105610198,-0.06877988975894009,1.0
-0.1879507617074133,0.9152475620415494,-1.0
1.0953924068447771,0.11600969216871583,-1.0
1.0177846644566946,0.4208128464716083,-1.0
0.2848757067744544,-0.39033696479885394,1.0
1.5015021981216297,-0.5227428922281869,1.0
0.33043978037011895,-0.3127581054649473,1.0
0.6694136094668792,0.7469345827112464,-1.0
0.655088783438781,0.6730686242512817,-1.0
-0.7800682900554076,0.6457305947318235,-1.0
1.376870455600188,-0.5641040927750993,1.0
0.8896793437054134,0.4957375379073395,-1.0
0.7027182408165114,0.4051805451958891,-1.0
-0.4442939349374755,0.8351829413200451,-1.0
1.862948932809763,0.6389330460866345,1.0
0.3641509130653083,0.7772405805015826,-1.0
-0.06755332834735087,0.040681725594737206,1.0
0.3143233132148032,0.8995725937303378,-1.0
0.9707810682557618,0.08198766265961306,-1.0
0.08173256063268759,1.0751942082381718,-1.0
0.10090421438242503,0.8173876215710932,-1.0
-1.0421111557509206,0.21678175109719544,-1.0
1.6974791950346657,-0.34014454994287285,1.0
1.4328351092762461,-0.4531511640852537,1.0
1.507144717962766,-0.5935171001254963,1.0
0.4866699864805749,-0.3624446063007781,1.0
1.700158193618544,-0.14112362035316556,1.0
0.983129510232366,-0.46434522988462995,1.0
0.13280414628658976,-0.41978090908910487,1.0
0.6605165070064947,-0.446460055906457,1.0
-0.8227641682927075,0.820713176984661,-1.0
0.37772101730129015,-0.35677005554117974,1.0
1.0473135500435746,0.22441172176332264,-1.0
0.20830647388940352,0.9020206675400075,-1.0
0.9471508871193419,0.07274201159982933,-1.0
0.6773224213316806,-0.4361583373040278,1.0
0.985531786160591,-0.6276565709173002,1.0
0.535347971875241,-0.21699443832072576,1.0
-0.016420458582622394,0.2216331057845753,1.0
0.09410813291317788,-0.06652875827838525,1.0
2.0071758756275604,0.5742712534093732,1.0
1.5117269715076245,-0.39059663665340766,1.0
0.7140302009343806,-0.4527993070612238,1.0
0.7824539560409527,0.4765616991549514,-1.0
1.462249745413271,-0.33034716084072907,1.0
0.421411766136715,-0.4574569654988556,1.0
0.968467577570292,0.2877540916605651,-1.0
1.0112185782181211,0.31196894774292955,-1.0
0.10001667725554349,0.2323105414140331,1.0
1.8214719902401817,0.19830466702382316,1.0
1.953213614732133,-0.07668814522501893,1.0
0.620224565060712,0.6675260340433747,-1.0
0.4322094414665949,0.820211158712588,-1.0
2.046826621569023,0.24429467510095543,1.0
0.05291175091300854,0.20977694689628693,1.0
-0.850104901125528,0.467728898894784,-1.0
-0.20741183287972506,0.9756168733913969,-1.0
1.9869437110102897,0.24131492440926264,1.0
0.1915531225302939,0.8810760835832993,-1.0
1.8857241017088504,-0.23419050843547762,1.0
0.4005456593481848,0.8994762868510859,-1.0
-0.9241510822327506,0.3428955626363367,-1.0
-0.9217915203469362,0.5593966357893574,-1.0
1.0515362574276543,0.1833840215855781,-1.0
0.8217482931042942,-0.3979146210475564,1.0
0.5495705250898452,0.8892117884673195,-1.0
0.3779113377919284,-0.3489242651768636,1.0
1.1053006731179011,0.21893369405548793,-1.0
0.9127969544911263,-0.19269776177352926,-1.0
-0.8277847952623509,0.23674065834796357,-1.0
0.8410346134840233,0.7103732640156674,-1.0
0.4462135284397458,-0.2352181508314463,1.0
-0.22239951901866295,0.8466797375124824,-1.0
-0.06734878739620338,1.125161282300531,-1.0
-0.5384509588848859,0.8422983269799416,-1.0
0.2767000615367665,-0.21375418334984092,1.0
0.8240583588489095,0.5219157206444042,-1.0
1.0370723931058479,-0.45947443484490563,1.0
1.0793870962638816,-0.6489358142397879,1.0
0.8565980658022555,0.5487367601539531,-1.0
-0.8166376903541234,0.5254507818426405,-1.0
0.8477862532035566,0.4713591132546266,-1.0
0.01800927929612162,0.26361303215991305,1.0
0.6307947030537422,0.6587964211803852,-1.0
1.2867919194809383,-0.3896113511765389,1.0
0.4832898406993962,-0.2417677710453771,1.0
0.11239711265216071,0.2977491999623061,1.0
0.22286675792170002,-0.004477857864579257,1.0
1.8885509183951312,0.04813783281967386,1.0
1.7601899916882258,0.20374956016480633,1.0
0.04698786375215554,0.2574303088252348,1.0
-0.7843572840604716,0.47440518627763617,-1.0
1.0210333307929238,-0.601661149622805,1.0
0.18809156116985845,0.21786665868176758,1.0
1.9217562819033438,-0.10232755613503514,1.0
0.03516816476268317,0.3552444059209168,1.0
1.3078083149985473,-0.3992591683374104,1.0
0.8935963208592371,0.721716679821128,-1.0
-0.4229862494553877,0.9035102864695257,-1.0
1.9959291218618282,0.3885790282869864,1.0
-0.665558289796023,0.4690021637677566,-1.0
-0.9324277034262797,0.2012657022120063,-1.0
1.9579316848776087,-0.4952029121055914,1.0
1.58487888665339,-0.41237014267432925,1.0
0.1716348193315442,0.7855060314227041,-1.0
1.2256459005655842,-0.5119898811298003,1.0
0.8715025183166698,0.39956295470374786,-1.0
1.0403705503153848,0.30748070171243647,-1.0
0.30272612897070217,0.8967976874803659,-1.0
0.026050206805571893,0.3247509394897732,1.0
-0.7217608255766887,0.6523869224855421,-1.0
-0.09129650839796204,0.30696779990864714,1.0
-0.8340965398711458,0.22114157802318402,-1.0
1.623306043556117,-0.3872437589537493,1.0
0.2594368137395464,-0.22393942441508627,1.0
1.9515772959965254,0.2880263067866566,1.0
-0.8020679045012964,0.6117191372193904,-1.0
0.21731960375792136,0.02855748213751237,1.0
0.5020277848024945,0.8427970216822843,-1.0
0.7481418889950244,-0.4931666989111871,1.0
0.5925150488099631,0.5949863075654561,-1.0
-0.8263168900871763,0.6063153785666273,-1.0
-0.8760784768326145,0.6628674565595263,-1.0
1.862859557878329,0.24406678603219878,1.0
0.5061524765013002,0.6395522427197958,-1.0
-1.0881507189249517,0.442479156979545,-1.0
1.5295251480714234,-0.22675117635121364,1.0
0.2468808257952867,1.047511316891971,-1.0
0.3678598127737827,0.8968457389484934,-1.0
1.9513750300630672,0.26615051580400984,1.0
0.8777416891183275,0.10273308383637322,-1.0
1.7354994426274537,-0.02481501893622247,1.0
1.519469617839786,-0.24843523905398654,1.0
-0.9444075110822805,0.15730134205261123,-1.0
-0.9637858874084239,0.32682814641034574,-1.0
0.09120098120958428,0.050585126982657824,1.0
-0.7340301642587044,0.4520225877611192,-1.0
-1.0486558343689327,-0.12877060864442083,-1.0
-0.5928566313421036,0.6787143308665419,-1.0
0.00984660566757907,0.6033731956624095,1.0
1.0473285273725699,0.3836926058867315,-1.0
1.8183411977824575,0.14707708611222522,1.0
1.9792768221230415,0.028526281588203584,1.0
0.11598581825101745,0.4377146806762606,1.0
0.4940647787076401,-0.3248389559278183,1.0
0.30663469592645975,0.8680649896322804,-1.0
0.47225434553850876,0.8999997102137353,-1.0
-0.036867071153434114,1.00093742038524,-1.0
0.5186849471573559,-0.41750610217749806,1.0
0.7156050168091022,0.6749046064861107,-1.0
0.6924142831105281,-0.5263378659093971,1.0
-0.361471167083673,0.8361670749969273,-1.0
0.7092546002105607,-0.49178352501586414,1.0
1.5052335245835045,-0.16169966259135657,1.0
1.6112043953776527,-0.17073193574984538,1.0
-0.10168457867687573,0.3810216334601158,1.0
0.4507867616080912,-0.26663362439740856,1.0
1.202694949121092,-0.5065009793862902,1.0
1.6718822293880993,-0.4938040699035664,1.0
1.4235486175292706,-0.43757403258821403,1.0
-0.06492108007892139,1.0725778096407985,-1.0
-0.6943277256744168,0.673020821359109,-1.0
1.9287072941669943,0.4840885769992552,1.0
-0.5212846132750665,0.9540238496895418,-1.0
0.04315341761859652,0.36999211147796707,1.0
0.5114962740111032,-0.4431648914246001,1.0
1.1403919732260275,-0.6045486970179319,1.0
0.07485886242471444,0.12501584809807362,1.0
-0.7208112485315831,0.6027089008422821,-1.0
1.7926328648317142,0.4839991400070469,1.0
1.1679288759375097,-0.1143089827486154,-1.0
1.8974568899345434,0.04811036422637373,1.0
0.18266421896195345,-0.1668663312161459,1.0
1.0954008674951776,-0.4003942501383833,1.0
1.1504436052957172,-0.338311603913786,1.0
0.2203254278465812,-0.21198322009270457,1.0
0.08658981279938532,0.17408187173483577,1.0
1.5735600501834321,-0.3862281493212669,1.0
0.8338632830902157,0.8607117138497187,-1.0
1.8630722999758245,0.47773299133200486,1.0
-0.04022811094366667,1.1790859799389781,-1.0
0.8209161286537687,-0.3053872836705689,1.0
0.7167496214309248,-0.37666313488861913,1.0
0.734641150274751,0.5917620037809808,-1.0
-0.8897069480337496,0.34340718313112145,-1.0
0.2442185460143464,0.882923361715661,-1.0
-0.05070100361528346,-0.0682236590293128,1.0
0.41034974943403046,-0.36454953979081917,1.0
-0.7481106024826313,0.6694872497633527,-1.0
-0.13292812506718554,0.418592836055168,1.0
0.22428227671400616,-0.090364652320064,1.0
0.866899779572123,-0.6654046507148602,1.0
-0.4356868154539135,0.6798425986745298,-1.0
-0.3715542529669803,0.7831920207978053,-1.0
1.5753033095323887,-0.19620104716175563,1.0
1.0668941545438908,0.23254611492408134,-1.0
-0.37845769722044564,0.9351924223966741,-1.0
0.8288342585451423,0.1413102928672988,-1.0
-0.9983980713331874,0.29251274235779706,-1.0
1.958619707741914,-0.0021665437764896572,1.0
0.27683413838285725,0.8830192836619695,-1.0
-0.33724618070977486,0.9205468794426652,-1.0
-0.28006532783808735,0.9788408661549702,-1.0
0.15743797914938337,-0.04252141831799955,1.0
-0.27308185846585403,1.2309864059194449,-1.0
0.9292308835262563,-0.4686791879699566,1.0
0.01605044879572734,0.017897684008337012,1.0
1.0150602579296375,-0.6687689485416723,1.0
0.5111608240090912,-0.28522333540398065,1.0
0.7260903548308233,0.5296449819994467,-1.0
1.884994781093608,0.04166800607959939,1.0
-0.8378076688395906,0.712640667339485,-1.0
-0.04342010713078891,0.26560593302331165,1.0
0.41013186647491234,-0.36241113695369415,1.0
1.804896539770669,-0.20026562356797162,1.0
0.0904678661602093,0.16188435394697898,1.0
1.6722611828910705,-0.2996434552773703,1.0
0.6853246330061901,-0.5357380082123634,1.0
-0.007325179036971746,0.3545822776478338,1.0
0.8539983730167147,0.3878077412551345,-1.0
1.2959554121985741,-0.2249385071638675,1.0
0.4984080169322468,0.584128672762842,-1.0
-0.6500331343747633,0.6510589425083092,-1.0
0.2759589959414633,0.8212179936542066,-1.0
-0.13368643031871463,1.1834645187483794,-1.0
0.16422982133733371,0.15302223023354425,1.0
2.0421177453535826,0.3371493972180607,1.0
1.872449490205641,-0.06233272662858931,1.0
0.061034693526275406,0.33604131773514134,1.0
-0.9786183288335976,0.5120234246218568,-1.0
1.6962169050066849,-0.27055344755900584,1.0
1.0504785741294083,-0.48894601019085676,1.0
2.088692717408533,0.04558088464178729,1.0
1.4813590992188592,-0.5062691760244737,1.0
-1.0445494196078895,0.31848662600302635,-1.0
0.780810782081059,-0.04523107472473266,-1.0
-0.7814814630018491,0.3650606882669029,-1.0
-1.0594617348661066,0.09010585608549497,-1.0
0.2314125274897219,-0.08667854287932267,1.0
0.7576761197513655,0.5026977154370624,-1.0
-0.26655542536417665,1.0819603042148107,-1.0
0.4393041996722112,-0.33205994069340067,1.0
-0.16293521754931536,0.5346871116559266,1.0
0.7948764178234564,-0.4652632198983929,1.0
1.2106049083593067,-0.5375235956941692,1.0
0.08220823955008195,0.9768420253695401,-1.0
-0.1754292425437133,0.209973715895278,1.0
-0.44525049412841083,1.0054027853526972,-1.0
0.02819963048942578,0.1296514336326713,1.0
0.5418157985591613,0.8240631944536674,-1.0
1.9968060792598679,0.5807877693048407,1.0
-0.4058983130791324,0.7796328684716644,-1.0
0.5308360236487623,-0.5119147894313937,1.0
1.5342248569406056,-0.48460792963487526,1.0
-0.4557452818198839,0.8726160907466377,-1.0
0.027521120638760395,0.20485004143402846,1.0
-0.5282245305640564,1.000303481066186,-1.0
0.21152451691804766,1.1537988106371833,-1.0
0.3513657126292535,-0.38779246274841006,1.0
0.0894554810436839,0.02202190462903489,1.0
1.5949455630309122,-0.26556608267978465,1.0
1.2951068600094995,-0.5160935415359322,1.0
1.1672478956021157,-0.4325036836228756,1.0
1.1258440851587095,0.05081280750402525,-1.0
0.9522903157415807,0.4040839488296441,-1.0
-0.8427120657149425,0.044061505846069014,-1.0
0.028049759536662083,0.5503742576576118,1.0
0.3528703523258785,0.8649399644973964,-1.0
0.23976124493015982,0.06910085350606128,1.0
0.6704298125316841,0.7750908247093162,-1.0
-0.6353685424223525,0.9024258011151064,-1.0
1.113371212342316,-0.618522364263385,1.0
-0.2746646455782583,0.9660410821276414,-1.0
0.15186567075975477,0.9167772350718073,-1.0
1.893143584288926,0.033756374167966834,1.0
-0.9346482946145097,0.2842715173532621,-1.0
0.058992289999728914,0.3627656041065381,1.0
0.4316966035410241,-0.2864785411332855,1.0
1.6028383197190588,-0.08680917802569123,1.0
0.598313922245912,-0.3977016406327384,1.0
0.23392567500290776,-0.19220463359379591,1.0
-0.19309865079722302,0.8990525399925409,-1.0
-0.8268685272793148,0.34264289007353843,-1.0
1.5319390046947277,-0.4791862998635759,1.0
1.8836185760478066,-0.015085387490511302,1.0
0.8274435871417258,0.22752123886104533,-1.0
1.8651530255485085,0.4038870778107653,1.0
0.12092430501712861,-0.11828783869646294,1.0
1.0999972041898365,-0.5241238199979638,1.0
0.5210268993358006,0.7058019989752693,-1.0
1.9047746340056406,0.02663092000152295,1.0
-0.8773420786139245,0.44844247230341466,-1.0
1.9620990400333638,0.3122379700108725,1.0
0.05371401001416202,0.41181446160355634,1.0
2.039726101549094,0.25602531622601893,1.0
1.112935911195301,-0.41377871920624265,1.0
0.6367998861241573,-0.41041614233854984,1.0
0.580547607383775,0.6661305087701881,-1.0
1.7461822322959777,0.14838015713579522,1.0
0.7431803033072456,1.0061511176933626,-1.0
1.5936083012099622,-0.32395784427723107,1.0
1.0778310028762805,0.4337724998357446,-1.0
1.0520088763522848,0.10522277728289886,-1.0
1.0951108670466263,-0.36330985793648946,1.0
0.8507497032568369,-0.4101563702966988,1.0
-0.7277473733156896,0.662648168319545,-1.0
1.3173526390523067,-0.5035289374942751,1.0
1.1076267251304903,-0.5899833726513188,1.0
0.7245486166488071,0.7051995205292557,-1.0
0.9748908774927184,0.015758898633369607,-1.0
-0.8808042005565945,0.3672134178821415,-1.0
0.36560036906665716,-0.26531448776107736,1.0
2.152023851397794,0.5867255050721202,1.0
-0.9861894582689334,0.1208115397004052,-1.0
-0.913081376749219,0.3024118756315413,-1.0
-0.8523390939109476,0.3646229787854583,-1.0
-0.047228873438458885,1.208600623144588,-1.0
1.8008016662895447,0.25670249136254897,1.0
0.8766670218816612,0.6118033311917778,-1.0
0.46340351576051186,0.897218235287375,-1.0
1.3787298511493769,-0.4268648900405355,1.0
-0.9206338710857671,0.0036175009219788397,-1.0
-0.5993123925490877,0.8181411879441147,-1.0
-0.9938971011488889,0.44403443752938376,-1.0
-0.47545539064579007,0.6349738735457987,-1.0
1.7124357118725195,-0.10757709640243689,1.0
-0.4517051984174859,0.9240391534937503,-1.0
0.3815614974827998,-0.16098130764997143,1.0
-0.10291328170878988,0.8806735407223413,-1.0
0.2749473335739427,-0.03275670822882479,1.0
-0.45833218859038616,0.8491147820915314,-1.0
0.5890378556265102,1.049859241260502,-1.0
0.052440184482109936,-0.10704750231188975,1.0
1.9443172731760614,0.07778900217021636,1.0
-0.8479180737972589,0.49571627521283584,-1.0
0.4995882550361143,-0.3263792168389385,1.0
-0.5736699751833697,0.586607066250715,-1.0
-0.024759216992013236,0.8914925964948069,-1.0
-0.22781802022864775,0.9328727982571942,-1.0
-0.6513771766316745,0.8532464899451384,-1.0
0.7423977613185968,0.6774750281108751,-1.0
0.8549585229733403,0.4279067142448857,-1.0
0.9734316890768067,0.10538937039769841,-1.0
-0.41840691789783846,0.922678967929469,-1.0
0.9871538573531874,0.02214783715775507,-1.0
0.11490623472713711,0.10542579878834958,1.0
0.549825950942736,-0.2799885770909304,1.0
2.0971652504801837,0.24098454364525748,1.0
0.11764480667449703,0.9736479316827583,-1.0
0.05758591344344325,0.16563508560187776,1.0
1.0756273693628033,-0.23303470439663915,1.0
1.7460128960903953,-0.08925619025641994,1.0
0.8303019082996305,-0.39222795362150675,1.0
0.611205544790522,0.7158759449175245,-1.0
1.2872577117631623,-0.45212972941720486,1.0
-0.6623876990513583,0.7864582782887091,-1.0
1.2347906157819981,-0.47777721722520916,1.0
-1.0999832633170739,0.10238773199777922,-1.0
0.7446468758992804,-0.47067005141065066,1.0
0.2576207400637692,-0.09187229758421664,1.0
1.0143922956942326,0.11671061707483314,-1.0
1.9542971703564318,0.38648774456808155,1.0
-0.27808707211634087,1.1003494559598375,-1.0
0.817841782742985,0.588867177490935,-1.0
1.5362274201853923,-0.369104504868757,1.0
-0.10048598386256614,1.1400668762005683,-1.0
-0.8428305920310706,0.43642842829961664,-1.0
1.4695724182823557,-0.47688190886503123,1.0
1.0798970615472554,0.4022416132653548,-1.0
0.02059896509410496,0.5241812464187438,1.0
0.8344290633386592,0.38688982150156126,-1.0
0.8077339538025452,0.5351354829656215,-1.0
0.31102028945295573,-0.036939118082713,1.0
1.1308732720054113,-0.4709345508899414,1.0
0.41252144732571666,-0.33682382394017263,1.0
0.32120585055671946,-0.1454006675298129,1.0
0.11483025501538105,0.9717581158619513,-1.0
1.8783115804710724,0.19640607265803936,1.0
0.18235739917898608,-0.2594505820001304,1.0
0.7838909405135254,0.682914031060389,-1.0
1.2451849804952546,-0.31334312820694216,1.0
1.437630660766118,-0.4023861431352443,1.0
0.8911194471449244,0.4449021068839317,-1.0
2.020290071536484,-0.05233693540582224,1.0
2.1176953682710824,0.25960904625810777,1.0
-0.8840803826008976,0.08285894810977466,-1.0
1.5993402285604745,-0.2677082441198959,1.0
-0.846092373245622,0.2881208432128075,-1.0
-0.008199304945885777,1.033849962318029,-1.0
0.896280395043534,-0.10011199430982323,-1.0
-0.8775014626956686,0.11022474014322259,-1.0
0.18090227691504907,-0.1331805580103561,1.0
-0.731322236272627,0.6353368298316974,-1.0
-0.770341071652781,0.3493971169477876,-1.0
1.8582544917723436,-0.1400862913192365,1.0
-0.1539067408609582,0.9795938265229311,-1.0
0.06866442509594411,1.0847806927563073,-1.0
0.8565029708117381,0.01709123495322704,-1.0
1.961689549586402,0.15966665161757174,1.0
1.5965619573418868,-0.4055953570905883,1.0
0.9794178019439763,-0.48842126525171936,1.0
0.46660300832166085,-0.294167442077119,1.0
0.6387215425272863,0.8092801108424591,-1.0
1.0864023190333434,-0.49220617247149456,1.0
0.30861947683215013,0.9797112993010095,-1.0
-0.012214469156801275,0.38786890971987376,1.0
1.9102857765211598,-0.10812332106134703,1.0
1.1384622541898848,-0.34858617960289384,1.0
-0.3273955715251662,0.7421542606453129,-1.0
0.7955561050069697,0.48042212908535686,-1.0
1.076136243088535,-0.3327758315789707,1.0
0.9648227455702507,-0.588476953440644,1.0
-0.0963841311765877,-0.001481077717641055,1.0
-0.9997559034105801,0.2230146038589665,-1.0
-0.10253203661743926,0.3698397132088195,1.0
-0.010651710163490972,1.004020026035195,-1.0
-0.7500925220901753,0.7599451302500646,-1.0
2.001801908996583,0.2793056614323651,1.0
-0.48195574214261816,0.8183817682596217,-1.0
-0.47932815127121436,0.8613904357192377,-1.0
-0.952507077941149,0.2251164772386003,-1.0
1.6769338550962316,-0.08322066398627763,1.0
0.7831572775691811,0.5624687142409464,-1.0
-0.8983496371066142,0.3435331936048029,-1.0
-0.7438837421170987,0.7477064086688058,-1.0
1.1439039788599372,-0.31851222815126745,1.0
1.8506106758863308,-0.14248598538931714,1.0
1.1299829822022487,-0.5858479301579703,1.0
0.5291509946234948,1.0147471690140877,-1.0
0.7490023681443265,-0.5030977001995646,1.0
0.9846131086120632,0.17701215625542857,-1.0
0.5983588168374278,0.7259492633924407,-1.0
-0.0024430493604411657,1.0259973955706057,-1.0
-0.2280153989785469,0.9543195121381315,-1.0
0.6206947741795261,-0.27459490157728883,1.0
0.40669825284923355,-0.26550441434333083,1.0
0.5733635589282295,-0.4353068609053742,1.0
-0.6567219297483947,0.4883506692822957,-1.0
0.36954193542297725,0.818306913199296,-1.0
0.9529169885284321,0.1883462332734125,-1.0
-0.39273248695655205,0.9533449530379596,-1.0
0.8352679849133386,-0.3954791247428251,1.0
1.3515258613133223,-0.657076758680028,1.0
